,precision,recall,f1-score,support
Background,0.9972760704049729,0.9983974382945258,0.9978364393017372,140394594.0
NCR/NET,0.6161270698557778,0.46591304347826085,0.5305933389129893,356500.0
Edema,0.6890058720178863,0.6642045475319092,0.6763779333338608,1094044.0
Enhancing Tumor,0.6691616009987664,0.6117581838242088,0.6391736478150816,367982.0
accuracy,0.9934912193755401,0.9934912193755401,0.9934912193755401,0.9934912193755401
macro avg,0.742892653319351,0.6850683032822261,0.7109953398409172,142213120.0
weighted avg,0.9931000773721148,0.9934912193755401,0.9932641230039964,142213120.0
