,precision,recall,f1-score,support
Background,0.997792995557898,0.998438155258325,0.9981154711538925,138094392.0
NCR/NET,0.6494430491225781,0.4966218428182592,0.5628435285450026,320737.0
Edema,0.6646184919496934,0.6571330766840634,0.6608545884117519,949415.0
Enhancing Tumor,0.6284043512937516,0.6220523141437151,0.6252121992624247,309056.0
accuracy,0.9941330072397361,0.9941330072397361,0.9941330072397361,0.9941330072397361
macro avg,0.7350647219809803,0.6935613472260906,0.7117564468432679,139673600.0
weighted avg,0.9939110066569553,0.9941330072397361,0.9939983269574026,139673600.0
