,precision,recall,f1-score,support
Background,0.9982657468494683,0.9988489015467362,0.9985572390579224,140394594.0
NCR/NET,0.7293466165879701,0.6269537166900421,0.6742851281618099,356500.0
Edema,0.7996141752902634,0.7759176047764075,0.7875876875174539,1094044.0
Enhancing Tumor,0.7891184158028873,0.7900984287274921,0.7896081181823984,367982.0
accuracy,0.9956614762407294,0.9956614762407294,0.9956614762407294,0.9956614762407294
macro avg,0.8290862386326473,0.7979546629351695,0.8125095432298961,142213120.0
weighted avg,0.9955222188046134,0.9956614762407294,0.9955807028917936,142213120.0
