,precision,recall,f1-score,support
Background,0.9985775948240195,0.998886797662283,0.9987321723112116,138094392.0
NCR/NET,0.7381952967572453,0.6544645613072393,0.6938128621338173,320737.0
Edema,0.7760001117683472,0.7605367515786037,0.7681906217900741,949415.0
Enhancing Tumor,0.7682706509740512,0.7994408780285773,0.7835458914677057,309056.0
accuracy,0.9960344188164406,0.9960344188164406,0.9960344188164406,0.9960344188164406
macro avg,0.8202609135809158,0.803332247144176,0.8110703869257022,139673600.0
weighted avg,0.9959571255223847,0.9960344188164406,0.9959887539258563,139673600.0
