,precision,recall,f1-score,support
Background,0.9983326919181206,0.9990182222606114,0.9986753394455791,138094392.0
NCR/NET,0.7420926340703741,0.6373602047783699,0.6857506105251859,320737.0
Edema,0.7807815250548519,0.7432661165033204,0.7615620878776956,949415.0
Enhancing Tumor,0.7631672096331207,0.7534330347898116,0.7582688832082322,309056.0
accuracy,0.995905883431085,0.995905883431085,0.995905883431085,0.995905883431085
macro avg,0.8210935151691168,0.7832693945830284,0.8010642302641732,139673600.0
weighted avg,0.9957451498785763,0.995905883431085,0.9958130628646364,139673600.0
