,precision,recall,f1-score,support
Background,0.9979253868563318,0.9990064503480811,0.9984656259787299,140394594.0
NCR/NET,0.7069597681190394,0.5938541374474053,0.6454896915074608,356500.0
Edema,0.80157135868409,0.7473282610205805,0.7735000021286127,1094044.0
Enhancing Tumor,0.7891354096414016,0.7440581332782582,0.7659341151195059,367982.0
accuracy,0.9953949677779378,0.9953949677779378,0.9953949677779378,0.9953949677779378
macro avg,0.8238979808252157,0.7710617455235812,0.7958473586835774,142213120.0
weighted avg,0.995145192294304,0.9953949677779378,0.995248443049001,142213120.0
