,precision,recall,f1-score,support
Background,0.9990017500540583,0.9992507952898994,0.9991262571525367,648049850.0
NCR/NET,0.8683903846890818,0.8408375874134382,0.8543919101637529,1643912.0
Edema,0.8557821577851297,0.8373287364199462,0.8464548840616744,4015448.0
Enhancing Tumor,0.8296464582863535,0.8160186253371989,0.8227761154365866,1388646.0
accuracy,0.9974723562520711,0.9974723562520711,0.9974723562520711,0.9974723562520711
macro avg,0.8882051877036559,0.8733589361151207,0.8806872917036377,655097856.0
weighted avg,0.9974371304246377,0.9974723562520711,0.9974534346903376,655097856.0
